[
  {
    "id": "ktQuuihh3_w",
    "urls": {
      "raw": "https://images.unsplash.com/photo-1470093790102-5aea19caf968?ixid=MnwyNjQ5Mzh8MHwxfHNlYXJjaHwzN3x8c2VhfGVufDB8MHx8fDE2MzMzMDU3ODU&ixlib=rb-1.2.1",
      "full": "https://images.unsplash.com/photo-1470093790102-5aea19caf968?crop=entropy&cs=srgb&fm=jpg&ixid=MnwyNjQ5Mzh8MHwxfHNlYXJjaHwzN3x8c2VhfGVufDB8MHx8fDE2MzMzMDU3ODU&ixlib=rb-1.2.1&q=85",
      "regular": "https://images.unsplash.com/photo-1470093790102-5aea19caf968?crop=entropy&cs=tinysrgb&fit=max&fm=jpg&ixid=MnwyNjQ5Mzh8MHwxfHNlYXJjaHwzN3x8c2VhfGVufDB8MHx8fDE2MzMzMDU3ODU&ixlib=rb-1.2.1&q=80&w=1080",
      "small": "https://images.unsplash.com/photo-1470093790102-5aea19caf968?crop=entropy&cs=tinysrgb&fit=max&fm=jpg&ixid=MnwyNjQ5Mzh8MHwxfHNlYXJjaHwzN3x8c2VhfGVufDB8MHx8fDE2MzMzMDU3ODU&ixlib=rb-1.2.1&q=80&w=400",
      "thumb": "https://images.unsplash.com/photo-1470093790102-5aea19caf968?crop=entropy&cs=tinysrgb&fit=max&fm=jpg&ixid=MnwyNjQ5Mzh8MHwxfHNlYXJjaHwzN3x8c2VhfGVufDB8MHx8fDE2MzMzMDU3ODU&ixlib=rb-1.2.1&q=80&w=200"
    },
    "user": {
      "id": "psm5wZXulHQ",
      "updated_at": "2021-10-03T18:26:51-04:00",
      "username": "frankiefoto",
      "name": "frank mckenna",
      "first_name": "frank",
      "last_name": "mckenna",
      "twitter_username": null,
      "portfolio_url": "http://blog.frankiefoto.com",
      "bio": "Take a walk in San Diego. Find Something Beautiful in San Diego.",
      "location": "San Diego",
      "links": {
        "self": "https://api.unsplash.com/users/frankiefoto",
        "html": "https://unsplash.com/@frankiefoto",
        "photos": "https://api.unsplash.com/users/frankiefoto/photos",
        "likes": "https://api.unsplash.com/users/frankiefoto/likes",
        "portfolio": "https://api.unsplash.com/users/frankiefoto/portfolio",
        "following": "https://api.unsplash.com/users/frankiefoto/following",
        "followers": "https://api.unsplash.com/users/frankiefoto/followers"
      },
      "profile_image": {
        "small": "https://images.unsplash.com/profile-1470093657121-e62c91ef54e3?ixlib=rb-1.2.1&q=80&fm=jpg&crop=faces&cs=tinysrgb&fit=crop&h=32&w=32",
        "medium": "https://images.unsplash.com/profile-1470093657121-e62c91ef54e3?ixlib=rb-1.2.1&q=80&fm=jpg&crop=faces&cs=tinysrgb&fit=crop&h=64&w=64",
        "large": "https://images.unsplash.com/profile-1470093657121-e62c91ef54e3?ixlib=rb-1.2.1&q=80&fm=jpg&crop=faces&cs=tinysrgb&fit=crop&h=128&w=128"
      },
      "instagram_username": "frankiefoto",
      "total_collections": 1,
      "total_likes": 26,
      "total_photos": 167,
      "accepted_tos": false,
      "for_hire": false,
      "social": {
        "instagram_username": "frankiefoto",
        "portfolio_url": "http://blog.frankiefoto.com",
        "twitter_username": null,
        "paypal_email": null
      }
    }
  },
  {
    "id": "BRkikoNP0KQ",
    "urls": {
      "raw": "https://images.unsplash.com/photo-1483004406427-6acb078d1f2d?ixid=MnwyNjQ5Mzh8MHwxfHNlYXJjaHwzOHx8c2VhfGVufDB8MHx8fDE2MzMzMDU3ODU&ixlib=rb-1.2.1",
      "full": "https://images.unsplash.com/photo-1483004406427-6acb078d1f2d?crop=entropy&cs=srgb&fm=jpg&ixid=MnwyNjQ5Mzh8MHwxfHNlYXJjaHwzOHx8c2VhfGVufDB8MHx8fDE2MzMzMDU3ODU&ixlib=rb-1.2.1&q=85",
      "regular": "https://images.unsplash.com/photo-1483004406427-6acb078d1f2d?crop=entropy&cs=tinysrgb&fit=max&fm=jpg&ixid=MnwyNjQ5Mzh8MHwxfHNlYXJjaHwzOHx8c2VhfGVufDB8MHx8fDE2MzMzMDU3ODU&ixlib=rb-1.2.1&q=80&w=1080",
      "small": "https://images.unsplash.com/photo-1483004406427-6acb078d1f2d?crop=entropy&cs=tinysrgb&fit=max&fm=jpg&ixid=MnwyNjQ5Mzh8MHwxfHNlYXJjaHwzOHx8c2VhfGVufDB8MHx8fDE2MzMzMDU3ODU&ixlib=rb-1.2.1&q=80&w=400",
      "thumb": "https://images.unsplash.com/photo-1483004406427-6acb078d1f2d?crop=entropy&cs=tinysrgb&fit=max&fm=jpg&ixid=MnwyNjQ5Mzh8MHwxfHNlYXJjaHwzOHx8c2VhfGVufDB8MHx8fDE2MzMzMDU3ODU&ixlib=rb-1.2.1&q=80&w=200"
    },
    "user": {
      "id": "KE7LFW4ZZ5M",
      "updated_at": "2021-10-02T18:46:00-04:00",
      "username": "simebasioli",
      "name": "Sime Basioli",
      "first_name": "Sime",
      "last_name": "Basioli",
      "twitter_username": "sbasioli",
      "portfolio_url": "https://simebasioli.com/",
      "bio": "I'm a multidisciplinary designer and photographer from Zadar, Croatia where i run SIKIRA, a small design studio. \r\nLet's connect on Instagram @sbasioli",
      "location": "Zadar, Croatia",
      "links": {
        "self": "https://api.unsplash.com/users/simebasioli",
        "html": "https://unsplash.com/@simebasioli",
        "photos": "https://api.unsplash.com/users/simebasioli/photos",
        "likes": "https://api.unsplash.com/users/simebasioli/likes",
        "portfolio": "https://api.unsplash.com/users/simebasioli/portfolio",
        "following": "https://api.unsplash.com/users/simebasioli/following",
        "followers": "https://api.unsplash.com/users/simebasioli/followers"
      },
      "profile_image": {
        "small": "https://images.unsplash.com/profile-1483002627664-4d1646f42e12?ixlib=rb-1.2.1&q=80&fm=jpg&crop=faces&cs=tinysrgb&fit=crop&h=32&w=32",
        "medium": "https://images.unsplash.com/profile-1483002627664-4d1646f42e12?ixlib=rb-1.2.1&q=80&fm=jpg&crop=faces&cs=tinysrgb&fit=crop&h=64&w=64",
        "large": "https://images.unsplash.com/profile-1483002627664-4d1646f42e12?ixlib=rb-1.2.1&q=80&fm=jpg&crop=faces&cs=tinysrgb&fit=crop&h=128&w=128"
      },
      "instagram_username": "sbasioli",
      "total_collections": 0,
      "total_likes": 21,
      "total_photos": 49,
      "accepted_tos": true,
      "for_hire": false,
      "social": {
        "instagram_username": "sbasioli",
        "portfolio_url": "https://simebasioli.com/",
        "twitter_username": "sbasioli",
        "paypal_email": null
      }
    }
  },
  {
    "id": "qE1Y8GQKhEk",
    "urls": {
      "raw": "https://images.unsplash.com/photo-1507295386538-ddd5e86cd597?ixid=MnwyNjQ5Mzh8MHwxfHNlYXJjaHwzOXx8c2VhfGVufDB8MHx8fDE2MzMzMDU3ODU&ixlib=rb-1.2.1",
      "full": "https://images.unsplash.com/photo-1507295386538-ddd5e86cd597?crop=entropy&cs=srgb&fm=jpg&ixid=MnwyNjQ5Mzh8MHwxfHNlYXJjaHwzOXx8c2VhfGVufDB8MHx8fDE2MzMzMDU3ODU&ixlib=rb-1.2.1&q=85",
      "regular": "https://images.unsplash.com/photo-1507295386538-ddd5e86cd597?crop=entropy&cs=tinysrgb&fit=max&fm=jpg&ixid=MnwyNjQ5Mzh8MHwxfHNlYXJjaHwzOXx8c2VhfGVufDB8MHx8fDE2MzMzMDU3ODU&ixlib=rb-1.2.1&q=80&w=1080",
      "small": "https://images.unsplash.com/photo-1507295386538-ddd5e86cd597?crop=entropy&cs=tinysrgb&fit=max&fm=jpg&ixid=MnwyNjQ5Mzh8MHwxfHNlYXJjaHwzOXx8c2VhfGVufDB8MHx8fDE2MzMzMDU3ODU&ixlib=rb-1.2.1&q=80&w=400",
      "thumb": "https://images.unsplash.com/photo-1507295386538-ddd5e86cd597?crop=entropy&cs=tinysrgb&fit=max&fm=jpg&ixid=MnwyNjQ5Mzh8MHwxfHNlYXJjaHwzOXx8c2VhfGVufDB8MHx8fDE2MzMzMDU3ODU&ixlib=rb-1.2.1&q=80&w=200"
    },
    "user": {
      "id": "cYNNst8ZosY",
      "updated_at": "2021-10-03T19:16:53-04:00",
      "username": "seefromthesky",
      "name": "Ishan @seefromthesky",
      "first_name": "Ishan",
      "last_name": "@seefromthesky",
      "twitter_username": "SeefromtheSky",
      "portfolio_url": "http://www.instagram.com/seefromthesky",
      "bio": "‎لآ اِلَهَ اِلّا اللّهُ مُحَمَّدٌ رَسُوُل اللّهِ\r\n •••  Photographer from Maldives. Peace and love. 🇲🇻 📧 ishan@seefromthesky.com ",
      "location": "maldives",
      "links": {
        "self": "https://api.unsplash.com/users/seefromthesky",
        "html": "https://unsplash.com/@seefromthesky",
        "photos": "https://api.unsplash.com/users/seefromthesky/photos",
        "likes": "https://api.unsplash.com/users/seefromthesky/likes",
        "portfolio": "https://api.unsplash.com/users/seefromthesky/portfolio",
        "following": "https://api.unsplash.com/users/seefromthesky/following",
        "followers": "https://api.unsplash.com/users/seefromthesky/followers"
      },
      "profile_image": {
        "small": "https://images.unsplash.com/profile-1577096080474-f52fd0afc140image?ixlib=rb-1.2.1&q=80&fm=jpg&crop=faces&cs=tinysrgb&fit=crop&h=32&w=32",
        "medium": "https://images.unsplash.com/profile-1577096080474-f52fd0afc140image?ixlib=rb-1.2.1&q=80&fm=jpg&crop=faces&cs=tinysrgb&fit=crop&h=64&w=64",
        "large": "https://images.unsplash.com/profile-1577096080474-f52fd0afc140image?ixlib=rb-1.2.1&q=80&fm=jpg&crop=faces&cs=tinysrgb&fit=crop&h=128&w=128"
      },
      "instagram_username": "seefromthesky",
      "total_collections": 0,
      "total_likes": 57,
      "total_photos": 118,
      "accepted_tos": true,
      "for_hire": true,
      "social": {
        "instagram_username": "seefromthesky",
        "portfolio_url": "http://www.instagram.com/seefromthesky",
        "twitter_username": "SeefromtheSky",
        "paypal_email": null
      }
    }
  },
  {
    "id": "WScpndZFrOM",
    "urls": {
      "raw": "https://images.unsplash.com/photo-1553603227-2358aabe821e?ixid=MnwyNjQ5Mzh8MHwxfHNlYXJjaHw0MHx8c2VhfGVufDB8MHx8fDE2MzMzMDU3ODU&ixlib=rb-1.2.1",
      "full": "https://images.unsplash.com/photo-1553603227-2358aabe821e?crop=entropy&cs=srgb&fm=jpg&ixid=MnwyNjQ5Mzh8MHwxfHNlYXJjaHw0MHx8c2VhfGVufDB8MHx8fDE2MzMzMDU3ODU&ixlib=rb-1.2.1&q=85",
      "regular": "https://images.unsplash.com/photo-1553603227-2358aabe821e?crop=entropy&cs=tinysrgb&fit=max&fm=jpg&ixid=MnwyNjQ5Mzh8MHwxfHNlYXJjaHw0MHx8c2VhfGVufDB8MHx8fDE2MzMzMDU3ODU&ixlib=rb-1.2.1&q=80&w=1080",
      "small": "https://images.unsplash.com/photo-1553603227-2358aabe821e?crop=entropy&cs=tinysrgb&fit=max&fm=jpg&ixid=MnwyNjQ5Mzh8MHwxfHNlYXJjaHw0MHx8c2VhfGVufDB8MHx8fDE2MzMzMDU3ODU&ixlib=rb-1.2.1&q=80&w=400",
      "thumb": "https://images.unsplash.com/photo-1553603227-2358aabe821e?crop=entropy&cs=tinysrgb&fit=max&fm=jpg&ixid=MnwyNjQ5Mzh8MHwxfHNlYXJjaHw0MHx8c2VhfGVufDB8MHx8fDE2MzMzMDU3ODU&ixlib=rb-1.2.1&q=80&w=200"
    },
    "user": {
      "id": "qDsJO1uY8sw",
      "updated_at": "2021-10-03T17:56:58-04:00",
      "username": "marekokon",
      "name": "Marek Okon",
      "first_name": "Marek",
      "last_name": "Okon",
      "twitter_username": "marekokon",
      "portfolio_url": "http://photography.marekokon.com",
      "bio": "OKON is a Tokyo based photographer who has intermittently donned the photographer’s vest when unsuspecting models, lascivious still lifes and dubious landscapes have insisted. All photography, retouching were made by his sometimes-steady hand.",
      "location": "Tokyo, Japan",
      "links": {
        "self": "https://api.unsplash.com/users/marekokon",
        "html": "https://unsplash.com/@marekokon",
        "photos": "https://api.unsplash.com/users/marekokon/photos",
        "likes": "https://api.unsplash.com/users/marekokon/likes",
        "portfolio": "https://api.unsplash.com/users/marekokon/portfolio",
        "following": "https://api.unsplash.com/users/marekokon/following",
        "followers": "https://api.unsplash.com/users/marekokon/followers"
      },
      "profile_image": {
        "small": "https://images.unsplash.com/profile-1541742470470-cc75ff248405?ixlib=rb-1.2.1&q=80&fm=jpg&crop=faces&cs=tinysrgb&fit=crop&h=32&w=32",
        "medium": "https://images.unsplash.com/profile-1541742470470-cc75ff248405?ixlib=rb-1.2.1&q=80&fm=jpg&crop=faces&cs=tinysrgb&fit=crop&h=64&w=64",
        "large": "https://images.unsplash.com/profile-1541742470470-cc75ff248405?ixlib=rb-1.2.1&q=80&fm=jpg&crop=faces&cs=tinysrgb&fit=crop&h=128&w=128"
      },
      "instagram_username": "marekokon",
      "total_collections": 1,
      "total_likes": 17,
      "total_photos": 117,
      "accepted_tos": true,
      "for_hire": false,
      "social": {
        "instagram_username": "marekokon",
        "portfolio_url": "http://photography.marekokon.com",
        "twitter_username": "marekokon",
        "paypal_email": null
      }
    }
  },
  {
    "id": "iftBhUFfecE",
    "urls": {
      "raw": "https://images.unsplash.com/photo-1498330177096-689e3fb901ca?ixid=MnwyNjQ5Mzh8MHwxfHNlYXJjaHw0MXx8c2VhfGVufDB8MHx8fDE2MzMzMDU3ODU&ixlib=rb-1.2.1",
      "full": "https://images.unsplash.com/photo-1498330177096-689e3fb901ca?crop=entropy&cs=srgb&fm=jpg&ixid=MnwyNjQ5Mzh8MHwxfHNlYXJjaHw0MXx8c2VhfGVufDB8MHx8fDE2MzMzMDU3ODU&ixlib=rb-1.2.1&q=85",
      "regular": "https://images.unsplash.com/photo-1498330177096-689e3fb901ca?crop=entropy&cs=tinysrgb&fit=max&fm=jpg&ixid=MnwyNjQ5Mzh8MHwxfHNlYXJjaHw0MXx8c2VhfGVufDB8MHx8fDE2MzMzMDU3ODU&ixlib=rb-1.2.1&q=80&w=1080",
      "small": "https://images.unsplash.com/photo-1498330177096-689e3fb901ca?crop=entropy&cs=tinysrgb&fit=max&fm=jpg&ixid=MnwyNjQ5Mzh8MHwxfHNlYXJjaHw0MXx8c2VhfGVufDB8MHx8fDE2MzMzMDU3ODU&ixlib=rb-1.2.1&q=80&w=400",
      "thumb": "https://images.unsplash.com/photo-1498330177096-689e3fb901ca?crop=entropy&cs=tinysrgb&fit=max&fm=jpg&ixid=MnwyNjQ5Mzh8MHwxfHNlYXJjaHw0MXx8c2VhfGVufDB8MHx8fDE2MzMzMDU3ODU&ixlib=rb-1.2.1&q=80&w=200"
    },
    "user": {
      "id": "fbPZwdKgWWs",
      "updated_at": "2021-10-03T20:02:04-04:00",
      "username": "jeremybishop",
      "name": "Jeremy Bishop",
      "first_name": "Jeremy",
      "last_name": "Bishop",
      "twitter_username": null,
      "portfolio_url": "https://www.jeremybishopphotography.com",
      "bio": "I love supporting and inspiring creatives around the world.\r\nMy passion is the ocean and water photography, and I am striving to make an impact to save our Oceans and our Reefs!   https://www.paypal.com/paypalme/JeremyBishopPhoto ",
      "location": "California",
      "links": {
        "self": "https://api.unsplash.com/users/jeremybishop",
        "html": "https://unsplash.com/@jeremybishop",
        "photos": "https://api.unsplash.com/users/jeremybishop/photos",
        "likes": "https://api.unsplash.com/users/jeremybishop/likes",
        "portfolio": "https://api.unsplash.com/users/jeremybishop/portfolio",
        "following": "https://api.unsplash.com/users/jeremybishop/following",
        "followers": "https://api.unsplash.com/users/jeremybishop/followers"
      },
      "profile_image": {
        "small": "https://images.unsplash.com/profile-1610519305252-c9d552283aaaimage?ixlib=rb-1.2.1&q=80&fm=jpg&crop=faces&cs=tinysrgb&fit=crop&h=32&w=32",
        "medium": "https://images.unsplash.com/profile-1610519305252-c9d552283aaaimage?ixlib=rb-1.2.1&q=80&fm=jpg&crop=faces&cs=tinysrgb&fit=crop&h=64&w=64",
        "large": "https://images.unsplash.com/profile-1610519305252-c9d552283aaaimage?ixlib=rb-1.2.1&q=80&fm=jpg&crop=faces&cs=tinysrgb&fit=crop&h=128&w=128"
      },
      "instagram_username": "bluumind",
      "total_collections": 19,
      "total_likes": 3660,
      "total_photos": 905,
      "accepted_tos": true,
      "for_hire": true,
      "social": {
        "instagram_username": "bluumind",
        "portfolio_url": "https://www.jeremybishopphotography.com",
        "twitter_username": null,
        "paypal_email": null
      }
    }
  },
  {
    "id": "ceITO2rlDgc",
    "urls": {
      "raw": "https://images.unsplash.com/photo-1559827260-dc66d52bef19?ixid=MnwyNjQ5Mzh8MHwxfHNlYXJjaHw0Mnx8c2VhfGVufDB8MHx8fDE2MzMzMDU3ODU&ixlib=rb-1.2.1",
      "full": "https://images.unsplash.com/photo-1559827260-dc66d52bef19?crop=entropy&cs=srgb&fm=jpg&ixid=MnwyNjQ5Mzh8MHwxfHNlYXJjaHw0Mnx8c2VhfGVufDB8MHx8fDE2MzMzMDU3ODU&ixlib=rb-1.2.1&q=85",
      "regular": "https://images.unsplash.com/photo-1559827260-dc66d52bef19?crop=entropy&cs=tinysrgb&fit=max&fm=jpg&ixid=MnwyNjQ5Mzh8MHwxfHNlYXJjaHw0Mnx8c2VhfGVufDB8MHx8fDE2MzMzMDU3ODU&ixlib=rb-1.2.1&q=80&w=1080",
      "small": "https://images.unsplash.com/photo-1559827260-dc66d52bef19?crop=entropy&cs=tinysrgb&fit=max&fm=jpg&ixid=MnwyNjQ5Mzh8MHwxfHNlYXJjaHw0Mnx8c2VhfGVufDB8MHx8fDE2MzMzMDU3ODU&ixlib=rb-1.2.1&q=80&w=400",
      "thumb": "https://images.unsplash.com/photo-1559827260-dc66d52bef19?crop=entropy&cs=tinysrgb&fit=max&fm=jpg&ixid=MnwyNjQ5Mzh8MHwxfHNlYXJjaHw0Mnx8c2VhfGVufDB8MHx8fDE2MzMzMDU3ODU&ixlib=rb-1.2.1&q=80&w=200"
    },
    "user": {
      "id": "GOZIhhN6Gy0",
      "updated_at": "2021-10-03T19:51:54-04:00",
      "username": "silasbaisch",
      "name": "Silas Baisch",
      "first_name": "Silas",
      "last_name": "Baisch",
      "twitter_username": null,
      "portfolio_url": "http://www.silasbaisch.com",
      "bio": "I take photos and do a lot of video editing in advertising. \r\nCurrently based in Sydney. \r\nHit me up to help your creative project.\r\n\r\nhttps://www.instagram.com/silasbaisch/",
      "location": "Sydney",
      "links": {
        "self": "https://api.unsplash.com/users/silasbaisch",
        "html": "https://unsplash.com/@silasbaisch",
        "photos": "https://api.unsplash.com/users/silasbaisch/photos",
        "likes": "https://api.unsplash.com/users/silasbaisch/likes",
        "portfolio": "https://api.unsplash.com/users/silasbaisch/portfolio",
        "following": "https://api.unsplash.com/users/silasbaisch/following",
        "followers": "https://api.unsplash.com/users/silasbaisch/followers"
      },
      "profile_image": {
        "small": "https://images.unsplash.com/profile-1560261763397-1f65c6305d90?ixlib=rb-1.2.1&q=80&fm=jpg&crop=faces&cs=tinysrgb&fit=crop&h=32&w=32",
        "medium": "https://images.unsplash.com/profile-1560261763397-1f65c6305d90?ixlib=rb-1.2.1&q=80&fm=jpg&crop=faces&cs=tinysrgb&fit=crop&h=64&w=64",
        "large": "https://images.unsplash.com/profile-1560261763397-1f65c6305d90?ixlib=rb-1.2.1&q=80&fm=jpg&crop=faces&cs=tinysrgb&fit=crop&h=128&w=128"
      },
      "instagram_username": "silasbaisch",
      "total_collections": 3,
      "total_likes": 105,
      "total_photos": 220,
      "accepted_tos": true,
      "for_hire": false,
      "social": {
        "instagram_username": "silasbaisch",
        "portfolio_url": "http://www.silasbaisch.com",
        "twitter_username": null,
        "paypal_email": null
      }
    }
  },
  {
    "id": "atSUvc1hMwk",
    "urls": {
      "raw": "https://images.unsplash.com/photo-1541417904950-b855846fe074?ixid=MnwyNjQ5Mzh8MHwxfHNlYXJjaHw0M3x8c2VhfGVufDB8MHx8fDE2MzMzMDU3ODU&ixlib=rb-1.2.1",
      "full": "https://images.unsplash.com/photo-1541417904950-b855846fe074?crop=entropy&cs=srgb&fm=jpg&ixid=MnwyNjQ5Mzh8MHwxfHNlYXJjaHw0M3x8c2VhfGVufDB8MHx8fDE2MzMzMDU3ODU&ixlib=rb-1.2.1&q=85",
      "regular": "https://images.unsplash.com/photo-1541417904950-b855846fe074?crop=entropy&cs=tinysrgb&fit=max&fm=jpg&ixid=MnwyNjQ5Mzh8MHwxfHNlYXJjaHw0M3x8c2VhfGVufDB8MHx8fDE2MzMzMDU3ODU&ixlib=rb-1.2.1&q=80&w=1080",
      "small": "https://images.unsplash.com/photo-1541417904950-b855846fe074?crop=entropy&cs=tinysrgb&fit=max&fm=jpg&ixid=MnwyNjQ5Mzh8MHwxfHNlYXJjaHw0M3x8c2VhfGVufDB8MHx8fDE2MzMzMDU3ODU&ixlib=rb-1.2.1&q=80&w=400",
      "thumb": "https://images.unsplash.com/photo-1541417904950-b855846fe074?crop=entropy&cs=tinysrgb&fit=max&fm=jpg&ixid=MnwyNjQ5Mzh8MHwxfHNlYXJjaHw0M3x8c2VhfGVufDB8MHx8fDE2MzMzMDU3ODU&ixlib=rb-1.2.1&q=80&w=200"
    },
    "user": {
      "id": "6_07pVq8qhw",
      "updated_at": "2021-10-03T11:01:39-04:00",
      "username": "reallynattu",
      "name": "Nattu Adnan",
      "first_name": "Nattu",
      "last_name": "Adnan",
      "twitter_username": "reallynattu",
      "portfolio_url": null,
      "bio": null,
      "location": null,
      "links": {
        "self": "https://api.unsplash.com/users/reallynattu",
        "html": "https://unsplash.com/@reallynattu",
        "photos": "https://api.unsplash.com/users/reallynattu/photos",
        "likes": "https://api.unsplash.com/users/reallynattu/likes",
        "portfolio": "https://api.unsplash.com/users/reallynattu/portfolio",
        "following": "https://api.unsplash.com/users/reallynattu/following",
        "followers": "https://api.unsplash.com/users/reallynattu/followers"
      },
      "profile_image": {
        "small": "https://images.unsplash.com/profile-fb-1466158599-08a9d0a149a6.jpg?ixlib=rb-1.2.1&q=80&fm=jpg&crop=faces&cs=tinysrgb&fit=crop&h=32&w=32",
        "medium": "https://images.unsplash.com/profile-fb-1466158599-08a9d0a149a6.jpg?ixlib=rb-1.2.1&q=80&fm=jpg&crop=faces&cs=tinysrgb&fit=crop&h=64&w=64",
        "large": "https://images.unsplash.com/profile-fb-1466158599-08a9d0a149a6.jpg?ixlib=rb-1.2.1&q=80&fm=jpg&crop=faces&cs=tinysrgb&fit=crop&h=128&w=128"
      },
      "instagram_username": null,
      "total_collections": 0,
      "total_likes": 1,
      "total_photos": 43,
      "accepted_tos": true,
      "for_hire": false,
      "social": {
        "instagram_username": null,
        "portfolio_url": null,
        "twitter_username": "reallynattu",
        "paypal_email": null
      }
    }
  },
  {
    "id": "QtIXL7C4bB0",
    "urls": {
      "raw": "https://images.unsplash.com/photo-1463134836706-8bcc60f7d78b?ixid=MnwyNjQ5Mzh8MHwxfHNlYXJjaHw0NHx8c2VhfGVufDB8MHx8fDE2MzMzMDU3ODU&ixlib=rb-1.2.1",
      "full": "https://images.unsplash.com/photo-1463134836706-8bcc60f7d78b?crop=entropy&cs=srgb&fm=jpg&ixid=MnwyNjQ5Mzh8MHwxfHNlYXJjaHw0NHx8c2VhfGVufDB8MHx8fDE2MzMzMDU3ODU&ixlib=rb-1.2.1&q=85",
      "regular": "https://images.unsplash.com/photo-1463134836706-8bcc60f7d78b?crop=entropy&cs=tinysrgb&fit=max&fm=jpg&ixid=MnwyNjQ5Mzh8MHwxfHNlYXJjaHw0NHx8c2VhfGVufDB8MHx8fDE2MzMzMDU3ODU&ixlib=rb-1.2.1&q=80&w=1080",
      "small": "https://images.unsplash.com/photo-1463134836706-8bcc60f7d78b?crop=entropy&cs=tinysrgb&fit=max&fm=jpg&ixid=MnwyNjQ5Mzh8MHwxfHNlYXJjaHw0NHx8c2VhfGVufDB8MHx8fDE2MzMzMDU3ODU&ixlib=rb-1.2.1&q=80&w=400",
      "thumb": "https://images.unsplash.com/photo-1463134836706-8bcc60f7d78b?crop=entropy&cs=tinysrgb&fit=max&fm=jpg&ixid=MnwyNjQ5Mzh8MHwxfHNlYXJjaHw0NHx8c2VhfGVufDB8MHx8fDE2MzMzMDU3ODU&ixlib=rb-1.2.1&q=80&w=200"
    },
    "user": {
      "id": "fbPZwdKgWWs",
      "updated_at": "2021-10-03T20:02:04-04:00",
      "username": "jeremybishop",
      "name": "Jeremy Bishop",
      "first_name": "Jeremy",
      "last_name": "Bishop",
      "twitter_username": null,
      "portfolio_url": "https://www.jeremybishopphotography.com",
      "bio": "I love supporting and inspiring creatives around the world.\r\nMy passion is the ocean and water photography, and I am striving to make an impact to save our Oceans and our Reefs!   https://www.paypal.com/paypalme/JeremyBishopPhoto ",
      "location": "California",
      "links": {
        "self": "https://api.unsplash.com/users/jeremybishop",
        "html": "https://unsplash.com/@jeremybishop",
        "photos": "https://api.unsplash.com/users/jeremybishop/photos",
        "likes": "https://api.unsplash.com/users/jeremybishop/likes",
        "portfolio": "https://api.unsplash.com/users/jeremybishop/portfolio",
        "following": "https://api.unsplash.com/users/jeremybishop/following",
        "followers": "https://api.unsplash.com/users/jeremybishop/followers"
      },
      "profile_image": {
        "small": "https://images.unsplash.com/profile-1610519305252-c9d552283aaaimage?ixlib=rb-1.2.1&q=80&fm=jpg&crop=faces&cs=tinysrgb&fit=crop&h=32&w=32",
        "medium": "https://images.unsplash.com/profile-1610519305252-c9d552283aaaimage?ixlib=rb-1.2.1&q=80&fm=jpg&crop=faces&cs=tinysrgb&fit=crop&h=64&w=64",
        "large": "https://images.unsplash.com/profile-1610519305252-c9d552283aaaimage?ixlib=rb-1.2.1&q=80&fm=jpg&crop=faces&cs=tinysrgb&fit=crop&h=128&w=128"
      },
      "instagram_username": "bluumind",
      "total_collections": 19,
      "total_likes": 3660,
      "total_photos": 905,
      "accepted_tos": true,
      "for_hire": true,
      "social": {
        "instagram_username": "bluumind",
        "portfolio_url": "https://www.jeremybishopphotography.com",
        "twitter_username": null,
        "paypal_email": null
      }
    }
  },
  {
    "id": "sGRMspZmfPE",
    "urls": {
      "raw": "https://images.unsplash.com/photo-1585130401366-fe05a8d813c4?ixid=MnwyNjQ5Mzh8MHwxfHNlYXJjaHw0NXx8c2VhfGVufDB8MHx8fDE2MzMzMDU3ODU&ixlib=rb-1.2.1",
      "full": "https://images.unsplash.com/photo-1585130401366-fe05a8d813c4?crop=entropy&cs=srgb&fm=jpg&ixid=MnwyNjQ5Mzh8MHwxfHNlYXJjaHw0NXx8c2VhfGVufDB8MHx8fDE2MzMzMDU3ODU&ixlib=rb-1.2.1&q=85",
      "regular": "https://images.unsplash.com/photo-1585130401366-fe05a8d813c4?crop=entropy&cs=tinysrgb&fit=max&fm=jpg&ixid=MnwyNjQ5Mzh8MHwxfHNlYXJjaHw0NXx8c2VhfGVufDB8MHx8fDE2MzMzMDU3ODU&ixlib=rb-1.2.1&q=80&w=1080",
      "small": "https://images.unsplash.com/photo-1585130401366-fe05a8d813c4?crop=entropy&cs=tinysrgb&fit=max&fm=jpg&ixid=MnwyNjQ5Mzh8MHwxfHNlYXJjaHw0NXx8c2VhfGVufDB8MHx8fDE2MzMzMDU3ODU&ixlib=rb-1.2.1&q=80&w=400",
      "thumb": "https://images.unsplash.com/photo-1585130401366-fe05a8d813c4?crop=entropy&cs=tinysrgb&fit=max&fm=jpg&ixid=MnwyNjQ5Mzh8MHwxfHNlYXJjaHw0NXx8c2VhfGVufDB8MHx8fDE2MzMzMDU3ODU&ixlib=rb-1.2.1&q=80&w=200"
    },
    "user": {
      "id": "H5fyTIhTmbU",
      "updated_at": "2021-10-03T13:50:04-04:00",
      "username": "yessijes",
      "name": "Jessica Pamp",
      "first_name": "Jessica",
      "last_name": "Pamp",
      "twitter_username": null,
      "portfolio_url": null,
      "bio": "Most of the time you’ll find me on the Swedish west coast, eating a cinnamon roll and listening to some old tunes. Welcome to my page – this is the world as I see it.",
      "location": "Gothenburg, Sweden",
      "links": {
        "self": "https://api.unsplash.com/users/yessijes",
        "html": "https://unsplash.com/@yessijes",
        "photos": "https://api.unsplash.com/users/yessijes/photos",
        "likes": "https://api.unsplash.com/users/yessijes/likes",
        "portfolio": "https://api.unsplash.com/users/yessijes/portfolio",
        "following": "https://api.unsplash.com/users/yessijes/following",
        "followers": "https://api.unsplash.com/users/yessijes/followers"
      },
      "profile_image": {
        "small": "https://images.unsplash.com/profile-fb-1562260975-5c255b3e3237.jpg?ixlib=rb-1.2.1&q=80&fm=jpg&crop=faces&cs=tinysrgb&fit=crop&h=32&w=32",
        "medium": "https://images.unsplash.com/profile-fb-1562260975-5c255b3e3237.jpg?ixlib=rb-1.2.1&q=80&fm=jpg&crop=faces&cs=tinysrgb&fit=crop&h=64&w=64",
        "large": "https://images.unsplash.com/profile-fb-1562260975-5c255b3e3237.jpg?ixlib=rb-1.2.1&q=80&fm=jpg&crop=faces&cs=tinysrgb&fit=crop&h=128&w=128"
      },
      "instagram_username": "pampenj",
      "total_collections": 0,
      "total_likes": 6,
      "total_photos": 55,
      "accepted_tos": true,
      "for_hire": false,
      "social": {
        "instagram_username": "pampenj",
        "portfolio_url": null,
        "twitter_username": null,
        "paypal_email": null
      }
    }
  },
  {
    "id": "Lvc9VS5eX7A",
    "urls": {
      "raw": "https://images.unsplash.com/photo-1503703796045-3b073bd4b539?ixid=MnwyNjQ5Mzh8MHwxfHNlYXJjaHw0Nnx8c2VhfGVufDB8MHx8fDE2MzMzMDU3ODU&ixlib=rb-1.2.1",
      "full": "https://images.unsplash.com/photo-1503703796045-3b073bd4b539?crop=entropy&cs=srgb&fm=jpg&ixid=MnwyNjQ5Mzh8MHwxfHNlYXJjaHw0Nnx8c2VhfGVufDB8MHx8fDE2MzMzMDU3ODU&ixlib=rb-1.2.1&q=85",
      "regular": "https://images.unsplash.com/photo-1503703796045-3b073bd4b539?crop=entropy&cs=tinysrgb&fit=max&fm=jpg&ixid=MnwyNjQ5Mzh8MHwxfHNlYXJjaHw0Nnx8c2VhfGVufDB8MHx8fDE2MzMzMDU3ODU&ixlib=rb-1.2.1&q=80&w=1080",
      "small": "https://images.unsplash.com/photo-1503703796045-3b073bd4b539?crop=entropy&cs=tinysrgb&fit=max&fm=jpg&ixid=MnwyNjQ5Mzh8MHwxfHNlYXJjaHw0Nnx8c2VhfGVufDB8MHx8fDE2MzMzMDU3ODU&ixlib=rb-1.2.1&q=80&w=400",
      "thumb": "https://images.unsplash.com/photo-1503703796045-3b073bd4b539?crop=entropy&cs=tinysrgb&fit=max&fm=jpg&ixid=MnwyNjQ5Mzh8MHwxfHNlYXJjaHw0Nnx8c2VhfGVufDB8MHx8fDE2MzMzMDU3ODU&ixlib=rb-1.2.1&q=80&w=200"
    },
    "user": {
      "id": "OFbISAMj95U",
      "updated_at": "2021-10-01T09:39:51-04:00",
      "username": "hermansyah",
      "name": "Hermansyah",
      "first_name": "Hermansyah",
      "last_name": null,
      "twitter_username": null,
      "portfolio_url": "https://www.shutterstock.com/g/Herman.io",
      "bio": "Aerial Photographer",
      "location": "Indonesia",
      "links": {
        "self": "https://api.unsplash.com/users/hermansyah",
        "html": "https://unsplash.com/@hermansyah",
        "photos": "https://api.unsplash.com/users/hermansyah/photos",
        "likes": "https://api.unsplash.com/users/hermansyah/likes",
        "portfolio": "https://api.unsplash.com/users/hermansyah/portfolio",
        "following": "https://api.unsplash.com/users/hermansyah/following",
        "followers": "https://api.unsplash.com/users/hermansyah/followers"
      },
      "profile_image": {
        "small": "https://images.unsplash.com/profile-1503760529411-bf3c89f2cb88?ixlib=rb-1.2.1&q=80&fm=jpg&crop=faces&cs=tinysrgb&fit=crop&h=32&w=32",
        "medium": "https://images.unsplash.com/profile-1503760529411-bf3c89f2cb88?ixlib=rb-1.2.1&q=80&fm=jpg&crop=faces&cs=tinysrgb&fit=crop&h=64&w=64",
        "large": "https://images.unsplash.com/profile-1503760529411-bf3c89f2cb88?ixlib=rb-1.2.1&q=80&fm=jpg&crop=faces&cs=tinysrgb&fit=crop&h=128&w=128"
      },
      "instagram_username": "herman.io",
      "total_collections": 0,
      "total_likes": 1,
      "total_photos": 13,
      "accepted_tos": true,
      "for_hire": false,
      "social": {
        "instagram_username": "herman.io",
        "portfolio_url": "https://www.shutterstock.com/g/Herman.io",
        "twitter_username": null,
        "paypal_email": null
      }
    }
  },
  {
    "id": "-a8Cewc-qGQ",
    "urls": {
      "raw": "https://images.unsplash.com/photo-1533324901691-269bbb8d61b9?ixid=MnwyNjQ5Mzh8MHwxfHNlYXJjaHw0N3x8c2VhfGVufDB8MHx8fDE2MzMzMDU3ODU&ixlib=rb-1.2.1",
      "full": "https://images.unsplash.com/photo-1533324901691-269bbb8d61b9?crop=entropy&cs=srgb&fm=jpg&ixid=MnwyNjQ5Mzh8MHwxfHNlYXJjaHw0N3x8c2VhfGVufDB8MHx8fDE2MzMzMDU3ODU&ixlib=rb-1.2.1&q=85",
      "regular": "https://images.unsplash.com/photo-1533324901691-269bbb8d61b9?crop=entropy&cs=tinysrgb&fit=max&fm=jpg&ixid=MnwyNjQ5Mzh8MHwxfHNlYXJjaHw0N3x8c2VhfGVufDB8MHx8fDE2MzMzMDU3ODU&ixlib=rb-1.2.1&q=80&w=1080",
      "small": "https://images.unsplash.com/photo-1533324901691-269bbb8d61b9?crop=entropy&cs=tinysrgb&fit=max&fm=jpg&ixid=MnwyNjQ5Mzh8MHwxfHNlYXJjaHw0N3x8c2VhfGVufDB8MHx8fDE2MzMzMDU3ODU&ixlib=rb-1.2.1&q=80&w=400",
      "thumb": "https://images.unsplash.com/photo-1533324901691-269bbb8d61b9?crop=entropy&cs=tinysrgb&fit=max&fm=jpg&ixid=MnwyNjQ5Mzh8MHwxfHNlYXJjaHw0N3x8c2VhfGVufDB8MHx8fDE2MzMzMDU3ODU&ixlib=rb-1.2.1&q=80&w=200"
    },
    "user": {
      "id": "2i6fcrJQciw",
      "updated_at": "2021-10-03T18:16:59-04:00",
      "username": "rylomedia",
      "name": "Ryan Loughlin",
      "first_name": "Ryan",
      "last_name": "Loughlin",
      "twitter_username": "Rylo444",
      "portfolio_url": null,
      "bio": null,
      "location": "New Jersey",
      "links": {
        "self": "https://api.unsplash.com/users/rylomedia",
        "html": "https://unsplash.com/@rylomedia",
        "photos": "https://api.unsplash.com/users/rylomedia/photos",
        "likes": "https://api.unsplash.com/users/rylomedia/likes",
        "portfolio": "https://api.unsplash.com/users/rylomedia/portfolio",
        "following": "https://api.unsplash.com/users/rylomedia/following",
        "followers": "https://api.unsplash.com/users/rylomedia/followers"
      },
      "profile_image": {
        "small": "https://images.unsplash.com/profile-1626399243934-2dd490f06b68image?ixlib=rb-1.2.1&q=80&fm=jpg&crop=faces&cs=tinysrgb&fit=crop&h=32&w=32",
        "medium": "https://images.unsplash.com/profile-1626399243934-2dd490f06b68image?ixlib=rb-1.2.1&q=80&fm=jpg&crop=faces&cs=tinysrgb&fit=crop&h=64&w=64",
        "large": "https://images.unsplash.com/profile-1626399243934-2dd490f06b68image?ixlib=rb-1.2.1&q=80&fm=jpg&crop=faces&cs=tinysrgb&fit=crop&h=128&w=128"
      },
      "instagram_username": "Rylo444",
      "total_collections": 1,
      "total_likes": 96,
      "total_photos": 98,
      "accepted_tos": true,
      "for_hire": true,
      "social": {
        "instagram_username": "Rylo444",
        "portfolio_url": null,
        "twitter_username": "Rylo444",
        "paypal_email": null
      }
    }
  },
  {
    "id": "7oS_26cb1Wo",
    "urls": {
      "raw": "https://images.unsplash.com/40/whtXWmDGTTuddi1ncK5v_IMG_0097.jpg?ixid=MnwyNjQ5Mzh8MHwxfHNlYXJjaHw0OHx8c2VhfGVufDB8MHx8fDE2MzMzMDU3ODU&ixlib=rb-1.2.1",
      "full": "https://images.unsplash.com/40/whtXWmDGTTuddi1ncK5v_IMG_0097.jpg?crop=entropy&cs=srgb&fm=jpg&ixid=MnwyNjQ5Mzh8MHwxfHNlYXJjaHw0OHx8c2VhfGVufDB8MHx8fDE2MzMzMDU3ODU&ixlib=rb-1.2.1&q=85",
      "regular": "https://images.unsplash.com/40/whtXWmDGTTuddi1ncK5v_IMG_0097.jpg?crop=entropy&cs=tinysrgb&fit=max&fm=jpg&ixid=MnwyNjQ5Mzh8MHwxfHNlYXJjaHw0OHx8c2VhfGVufDB8MHx8fDE2MzMzMDU3ODU&ixlib=rb-1.2.1&q=80&w=1080",
      "small": "https://images.unsplash.com/40/whtXWmDGTTuddi1ncK5v_IMG_0097.jpg?crop=entropy&cs=tinysrgb&fit=max&fm=jpg&ixid=MnwyNjQ5Mzh8MHwxfHNlYXJjaHw0OHx8c2VhfGVufDB8MHx8fDE2MzMzMDU3ODU&ixlib=rb-1.2.1&q=80&w=400",
      "thumb": "https://images.unsplash.com/40/whtXWmDGTTuddi1ncK5v_IMG_0097.jpg?crop=entropy&cs=tinysrgb&fit=max&fm=jpg&ixid=MnwyNjQ5Mzh8MHwxfHNlYXJjaHw0OHx8c2VhfGVufDB8MHx8fDE2MzMzMDU3ODU&ixlib=rb-1.2.1&q=80&w=200"
    },
    "user": {
      "id": "qFWagrPlkoc",
      "updated_at": "2021-10-03T19:41:54-04:00",
      "username": "griffinkeller",
      "name": "Griffin Keller",
      "first_name": "Griffin",
      "last_name": "Keller",
      "twitter_username": null,
      "portfolio_url": "http://griffinkeller.com",
      "bio": "3D/Motion Graphics artist",
      "location": "Brooklyn, Ny",
      "links": {
        "self": "https://api.unsplash.com/users/griffinkeller",
        "html": "https://unsplash.com/@griffinkeller",
        "photos": "https://api.unsplash.com/users/griffinkeller/photos",
        "likes": "https://api.unsplash.com/users/griffinkeller/likes",
        "portfolio": "https://api.unsplash.com/users/griffinkeller/portfolio",
        "following": "https://api.unsplash.com/users/griffinkeller/following",
        "followers": "https://api.unsplash.com/users/griffinkeller/followers"
      },
      "profile_image": {
        "small": "https://images.unsplash.com/profile-1477109019253-d43586fd326c?ixlib=rb-1.2.1&q=80&fm=jpg&crop=faces&cs=tinysrgb&fit=crop&h=32&w=32",
        "medium": "https://images.unsplash.com/profile-1477109019253-d43586fd326c?ixlib=rb-1.2.1&q=80&fm=jpg&crop=faces&cs=tinysrgb&fit=crop&h=64&w=64",
        "large": "https://images.unsplash.com/profile-1477109019253-d43586fd326c?ixlib=rb-1.2.1&q=80&fm=jpg&crop=faces&cs=tinysrgb&fit=crop&h=128&w=128"
      },
      "instagram_username": "greffenkillir",
      "total_collections": 0,
      "total_likes": 0,
      "total_photos": 6,
      "accepted_tos": false,
      "for_hire": false,
      "social": {
        "instagram_username": "greffenkillir",
        "portfolio_url": "http://griffinkeller.com",
        "twitter_username": null,
        "paypal_email": null
      }
    }
  },
  {
    "id": "EEDLURXCpqg",
    "urls": {
      "raw": "https://images.unsplash.com/photo-1492895036205-f803195fba76?ixid=MnwyNjQ5Mzh8MHwxfHNlYXJjaHw0OXx8c2VhfGVufDB8MHx8fDE2MzMzMDU3ODU&ixlib=rb-1.2.1",
      "full": "https://images.unsplash.com/photo-1492895036205-f803195fba76?crop=entropy&cs=srgb&fm=jpg&ixid=MnwyNjQ5Mzh8MHwxfHNlYXJjaHw0OXx8c2VhfGVufDB8MHx8fDE2MzMzMDU3ODU&ixlib=rb-1.2.1&q=85",
      "regular": "https://images.unsplash.com/photo-1492895036205-f803195fba76?crop=entropy&cs=tinysrgb&fit=max&fm=jpg&ixid=MnwyNjQ5Mzh8MHwxfHNlYXJjaHw0OXx8c2VhfGVufDB8MHx8fDE2MzMzMDU3ODU&ixlib=rb-1.2.1&q=80&w=1080",
      "small": "https://images.unsplash.com/photo-1492895036205-f803195fba76?crop=entropy&cs=tinysrgb&fit=max&fm=jpg&ixid=MnwyNjQ5Mzh8MHwxfHNlYXJjaHw0OXx8c2VhfGVufDB8MHx8fDE2MzMzMDU3ODU&ixlib=rb-1.2.1&q=80&w=400",
      "thumb": "https://images.unsplash.com/photo-1492895036205-f803195fba76?crop=entropy&cs=tinysrgb&fit=max&fm=jpg&ixid=MnwyNjQ5Mzh8MHwxfHNlYXJjaHw0OXx8c2VhfGVufDB8MHx8fDE2MzMzMDU3ODU&ixlib=rb-1.2.1&q=80&w=200"
    },
    "user": {
      "id": "Hs2x1cQiWvk",
      "updated_at": "2021-10-03T18:11:56-04:00",
      "username": "thenata",
      "name": "Anastasia Taioglou",
      "first_name": "Anastasia",
      "last_name": "Taioglou",
      "twitter_username": null,
      "portfolio_url": "https://www.taioglou.com",
      "bio": "Media Designer / Greek / IG: natasa_tai / taioglou.com",
      "location": "Stuttgart, Germany",
      "links": {
        "self": "https://api.unsplash.com/users/thenata",
        "html": "https://unsplash.com/@thenata",
        "photos": "https://api.unsplash.com/users/thenata/photos",
        "likes": "https://api.unsplash.com/users/thenata/likes",
        "portfolio": "https://api.unsplash.com/users/thenata/portfolio",
        "following": "https://api.unsplash.com/users/thenata/following",
        "followers": "https://api.unsplash.com/users/thenata/followers"
      },
      "profile_image": {
        "small": "https://images.unsplash.com/profile-1505668458285-638bd18ec9d8?ixlib=rb-1.2.1&q=80&fm=jpg&crop=faces&cs=tinysrgb&fit=crop&h=32&w=32",
        "medium": "https://images.unsplash.com/profile-1505668458285-638bd18ec9d8?ixlib=rb-1.2.1&q=80&fm=jpg&crop=faces&cs=tinysrgb&fit=crop&h=64&w=64",
        "large": "https://images.unsplash.com/profile-1505668458285-638bd18ec9d8?ixlib=rb-1.2.1&q=80&fm=jpg&crop=faces&cs=tinysrgb&fit=crop&h=128&w=128"
      },
      "instagram_username": "natasa_tai",
      "total_collections": 3,
      "total_likes": 362,
      "total_photos": 11,
      "accepted_tos": true,
      "for_hire": false,
      "social": {
        "instagram_username": "natasa_tai",
        "portfolio_url": "https://www.taioglou.com",
        "twitter_username": null,
        "paypal_email": null
      }
    }
  },
  {
    "id": "dYO_5KOMEkA",
    "urls": {
      "raw": "https://images.unsplash.com/photo-1460501501851-d5946a18e552?ixid=MnwyNjQ5Mzh8MHwxfHNlYXJjaHw1MHx8c2VhfGVufDB8MHx8fDE2MzMzMDU3ODU&ixlib=rb-1.2.1",
      "full": "https://images.unsplash.com/photo-1460501501851-d5946a18e552?crop=entropy&cs=srgb&fm=jpg&ixid=MnwyNjQ5Mzh8MHwxfHNlYXJjaHw1MHx8c2VhfGVufDB8MHx8fDE2MzMzMDU3ODU&ixlib=rb-1.2.1&q=85",
      "regular": "https://images.unsplash.com/photo-1460501501851-d5946a18e552?crop=entropy&cs=tinysrgb&fit=max&fm=jpg&ixid=MnwyNjQ5Mzh8MHwxfHNlYXJjaHw1MHx8c2VhfGVufDB8MHx8fDE2MzMzMDU3ODU&ixlib=rb-1.2.1&q=80&w=1080",
      "small": "https://images.unsplash.com/photo-1460501501851-d5946a18e552?crop=entropy&cs=tinysrgb&fit=max&fm=jpg&ixid=MnwyNjQ5Mzh8MHwxfHNlYXJjaHw1MHx8c2VhfGVufDB8MHx8fDE2MzMzMDU3ODU&ixlib=rb-1.2.1&q=80&w=400",
      "thumb": "https://images.unsplash.com/photo-1460501501851-d5946a18e552?crop=entropy&cs=tinysrgb&fit=max&fm=jpg&ixid=MnwyNjQ5Mzh8MHwxfHNlYXJjaHw1MHx8c2VhfGVufDB8MHx8fDE2MzMzMDU3ODU&ixlib=rb-1.2.1&q=80&w=200"
    },
    "user": {
      "id": "gGmJMN_AUww",
      "updated_at": "2021-10-03T19:17:00-04:00",
      "username": "timmarshall",
      "name": "Tim Marshall",
      "first_name": "Tim",
      "last_name": "Marshall",
      "twitter_username": null,
      "portfolio_url": "http://instagram.com/timmarshall.nz",
      "bio": null,
      "location": "Auckland, New Zealand",
      "links": {
        "self": "https://api.unsplash.com/users/timmarshall",
        "html": "https://unsplash.com/@timmarshall",
        "photos": "https://api.unsplash.com/users/timmarshall/photos",
        "likes": "https://api.unsplash.com/users/timmarshall/likes",
        "portfolio": "https://api.unsplash.com/users/timmarshall/portfolio",
        "following": "https://api.unsplash.com/users/timmarshall/following",
        "followers": "https://api.unsplash.com/users/timmarshall/followers"
      },
      "profile_image": {
        "small": "https://images.unsplash.com/profile-1628128035603-390801bc9179image?ixlib=rb-1.2.1&q=80&fm=jpg&crop=faces&cs=tinysrgb&fit=crop&h=32&w=32",
        "medium": "https://images.unsplash.com/profile-1628128035603-390801bc9179image?ixlib=rb-1.2.1&q=80&fm=jpg&crop=faces&cs=tinysrgb&fit=crop&h=64&w=64",
        "large": "https://images.unsplash.com/profile-1628128035603-390801bc9179image?ixlib=rb-1.2.1&q=80&fm=jpg&crop=faces&cs=tinysrgb&fit=crop&h=128&w=128"
      },
      "instagram_username": "timmarshall.nz",
      "total_collections": 0,
      "total_likes": 0,
      "total_photos": 153,
      "accepted_tos": true,
      "for_hire": false,
      "social": {
        "instagram_username": "timmarshall.nz",
        "portfolio_url": "http://instagram.com/timmarshall.nz",
        "twitter_username": null,
        "paypal_email": null
      }
    }
  },
  {
    "id": "ppMxyOhPtd8",
    "urls": {
      "raw": "https://images.unsplash.com/photo-1545579133-99bb5ab189bd?ixid=MnwyNjQ5Mzh8MHwxfHNlYXJjaHw1MXx8c2VhfGVufDB8MHx8fDE2MzMzMDU3ODU&ixlib=rb-1.2.1",
      "full": "https://images.unsplash.com/photo-1545579133-99bb5ab189bd?crop=entropy&cs=srgb&fm=jpg&ixid=MnwyNjQ5Mzh8MHwxfHNlYXJjaHw1MXx8c2VhfGVufDB8MHx8fDE2MzMzMDU3ODU&ixlib=rb-1.2.1&q=85",
      "regular": "https://images.unsplash.com/photo-1545579133-99bb5ab189bd?crop=entropy&cs=tinysrgb&fit=max&fm=jpg&ixid=MnwyNjQ5Mzh8MHwxfHNlYXJjaHw1MXx8c2VhfGVufDB8MHx8fDE2MzMzMDU3ODU&ixlib=rb-1.2.1&q=80&w=1080",
      "small": "https://images.unsplash.com/photo-1545579133-99bb5ab189bd?crop=entropy&cs=tinysrgb&fit=max&fm=jpg&ixid=MnwyNjQ5Mzh8MHwxfHNlYXJjaHw1MXx8c2VhfGVufDB8MHx8fDE2MzMzMDU3ODU&ixlib=rb-1.2.1&q=80&w=400",
      "thumb": "https://images.unsplash.com/photo-1545579133-99bb5ab189bd?crop=entropy&cs=tinysrgb&fit=max&fm=jpg&ixid=MnwyNjQ5Mzh8MHwxfHNlYXJjaHw1MXx8c2VhfGVufDB8MHx8fDE2MzMzMDU3ODU&ixlib=rb-1.2.1&q=80&w=200"
    },
    "user": {
      "id": "29PAltQg1O4",
      "updated_at": "2021-10-03T19:22:02-04:00",
      "username": "j_cobnasyr1",
      "name": "jcob nasyr",
      "first_name": "jcob",
      "last_name": "nasyr",
      "twitter_username": "Jcobnasyr ",
      "portfolio_url": "http://instagram.com/jcobnasyr",
      "bio": "Artistry Maldives",
      "location": "Maldives",
      "links": {
        "self": "https://api.unsplash.com/users/j_cobnasyr1",
        "html": "https://unsplash.com/@j_cobnasyr1",
        "photos": "https://api.unsplash.com/users/j_cobnasyr1/photos",
        "likes": "https://api.unsplash.com/users/j_cobnasyr1/likes",
        "portfolio": "https://api.unsplash.com/users/j_cobnasyr1/portfolio",
        "following": "https://api.unsplash.com/users/j_cobnasyr1/following",
        "followers": "https://api.unsplash.com/users/j_cobnasyr1/followers"
      },
      "profile_image": {
        "small": "https://images.unsplash.com/profile-1528717207360-507bc6cb2063?ixlib=rb-1.2.1&q=80&fm=jpg&crop=faces&cs=tinysrgb&fit=crop&h=32&w=32",
        "medium": "https://images.unsplash.com/profile-1528717207360-507bc6cb2063?ixlib=rb-1.2.1&q=80&fm=jpg&crop=faces&cs=tinysrgb&fit=crop&h=64&w=64",
        "large": "https://images.unsplash.com/profile-1528717207360-507bc6cb2063?ixlib=rb-1.2.1&q=80&fm=jpg&crop=faces&cs=tinysrgb&fit=crop&h=128&w=128"
      },
      "instagram_username": "jcobnasyr",
      "total_collections": 0,
      "total_likes": 17,
      "total_photos": 40,
      "accepted_tos": true,
      "for_hire": false,
      "social": {
        "instagram_username": "jcobnasyr",
        "portfolio_url": "http://instagram.com/jcobnasyr",
        "twitter_username": "Jcobnasyr ",
        "paypal_email": null
      }
    }
  },
  {
    "id": "mawU2PoJWfU",
    "urls": {
      "raw": "https://images.unsplash.com/photo-1497436072909-60f360e1d4b1?ixid=MnwyNjQ5Mzh8MHwxfHNlYXJjaHw1Mnx8c2VhfGVufDB8MHx8fDE2MzMzMDU3ODU&ixlib=rb-1.2.1",
      "full": "https://images.unsplash.com/photo-1497436072909-60f360e1d4b1?crop=entropy&cs=srgb&fm=jpg&ixid=MnwyNjQ5Mzh8MHwxfHNlYXJjaHw1Mnx8c2VhfGVufDB8MHx8fDE2MzMzMDU3ODU&ixlib=rb-1.2.1&q=85",
      "regular": "https://images.unsplash.com/photo-1497436072909-60f360e1d4b1?crop=entropy&cs=tinysrgb&fit=max&fm=jpg&ixid=MnwyNjQ5Mzh8MHwxfHNlYXJjaHw1Mnx8c2VhfGVufDB8MHx8fDE2MzMzMDU3ODU&ixlib=rb-1.2.1&q=80&w=1080",
      "small": "https://images.unsplash.com/photo-1497436072909-60f360e1d4b1?crop=entropy&cs=tinysrgb&fit=max&fm=jpg&ixid=MnwyNjQ5Mzh8MHwxfHNlYXJjaHw1Mnx8c2VhfGVufDB8MHx8fDE2MzMzMDU3ODU&ixlib=rb-1.2.1&q=80&w=400",
      "thumb": "https://images.unsplash.com/photo-1497436072909-60f360e1d4b1?crop=entropy&cs=tinysrgb&fit=max&fm=jpg&ixid=MnwyNjQ5Mzh8MHwxfHNlYXJjaHw1Mnx8c2VhfGVufDB8MHx8fDE2MzMzMDU3ODU&ixlib=rb-1.2.1&q=80&w=200"
    },
    "user": {
      "id": "fQjDf4a-2SM",
      "updated_at": "2021-10-03T17:51:57-04:00",
      "username": "draufsicht",
      "name": "Andreas Gücklhorn",
      "first_name": "Andreas",
      "last_name": "Gücklhorn",
      "twitter_username": "guecklhorn",
      "portfolio_url": null,
      "bio": "Exciting impressions from the bird's eye view – \r\nSpannende Eindrücke aus der Vogel­perspektive",
      "location": null,
      "links": {
        "self": "https://api.unsplash.com/users/draufsicht",
        "html": "https://unsplash.com/@draufsicht",
        "photos": "https://api.unsplash.com/users/draufsicht/photos",
        "likes": "https://api.unsplash.com/users/draufsicht/likes",
        "portfolio": "https://api.unsplash.com/users/draufsicht/portfolio",
        "following": "https://api.unsplash.com/users/draufsicht/following",
        "followers": "https://api.unsplash.com/users/draufsicht/followers"
      },
      "profile_image": {
        "small": "https://images.unsplash.com/profile-1492600878912-ef92a8bc20a1?ixlib=rb-1.2.1&q=80&fm=jpg&crop=faces&cs=tinysrgb&fit=crop&h=32&w=32",
        "medium": "https://images.unsplash.com/profile-1492600878912-ef92a8bc20a1?ixlib=rb-1.2.1&q=80&fm=jpg&crop=faces&cs=tinysrgb&fit=crop&h=64&w=64",
        "large": "https://images.unsplash.com/profile-1492600878912-ef92a8bc20a1?ixlib=rb-1.2.1&q=80&fm=jpg&crop=faces&cs=tinysrgb&fit=crop&h=128&w=128"
      },
      "instagram_username": null,
      "total_collections": 2,
      "total_likes": 230,
      "total_photos": 24,
      "accepted_tos": true,
      "for_hire": false,
      "social": {
        "instagram_username": null,
        "portfolio_url": null,
        "twitter_username": "guecklhorn",
        "paypal_email": null
      }
    }
  },
  {
    "id": "v63UL8s28Ew",
    "urls": {
      "raw": "https://images.unsplash.com/photo-1555979864-7a8f9b4fddf8?ixid=MnwyNjQ5Mzh8MHwxfHNlYXJjaHw1M3x8c2VhfGVufDB8MHx8fDE2MzMzMDU3ODU&ixlib=rb-1.2.1",
      "full": "https://images.unsplash.com/photo-1555979864-7a8f9b4fddf8?crop=entropy&cs=srgb&fm=jpg&ixid=MnwyNjQ5Mzh8MHwxfHNlYXJjaHw1M3x8c2VhfGVufDB8MHx8fDE2MzMzMDU3ODU&ixlib=rb-1.2.1&q=85",
      "regular": "https://images.unsplash.com/photo-1555979864-7a8f9b4fddf8?crop=entropy&cs=tinysrgb&fit=max&fm=jpg&ixid=MnwyNjQ5Mzh8MHwxfHNlYXJjaHw1M3x8c2VhfGVufDB8MHx8fDE2MzMzMDU3ODU&ixlib=rb-1.2.1&q=80&w=1080",
      "small": "https://images.unsplash.com/photo-1555979864-7a8f9b4fddf8?crop=entropy&cs=tinysrgb&fit=max&fm=jpg&ixid=MnwyNjQ5Mzh8MHwxfHNlYXJjaHw1M3x8c2VhfGVufDB8MHx8fDE2MzMzMDU3ODU&ixlib=rb-1.2.1&q=80&w=400",
      "thumb": "https://images.unsplash.com/photo-1555979864-7a8f9b4fddf8?crop=entropy&cs=tinysrgb&fit=max&fm=jpg&ixid=MnwyNjQ5Mzh8MHwxfHNlYXJjaHw1M3x8c2VhfGVufDB8MHx8fDE2MzMzMDU3ODU&ixlib=rb-1.2.1&q=80&w=200"
    },
    "user": {
      "id": "7_X6lniE1bI",
      "updated_at": "2021-10-01T11:04:56-04:00",
      "username": "kirildobrev",
      "name": "Kiril Dobrev",
      "first_name": "Kiril",
      "last_name": "Dobrev",
      "twitter_username": "kirildobrev",
      "portfolio_url": "https://www.instagram.com/kiril_dobrev/",
      "bio": "Hi, I'm Kiril and I'm a South African videographer traveling around the world. \r\n",
      "location": null,
      "links": {
        "self": "https://api.unsplash.com/users/kirildobrev",
        "html": "https://unsplash.com/@kirildobrev",
        "photos": "https://api.unsplash.com/users/kirildobrev/photos",
        "likes": "https://api.unsplash.com/users/kirildobrev/likes",
        "portfolio": "https://api.unsplash.com/users/kirildobrev/portfolio",
        "following": "https://api.unsplash.com/users/kirildobrev/following",
        "followers": "https://api.unsplash.com/users/kirildobrev/followers"
      },
      "profile_image": {
        "small": "https://images.unsplash.com/profile-1555978981599-eae833ff7c73?ixlib=rb-1.2.1&q=80&fm=jpg&crop=faces&cs=tinysrgb&fit=crop&h=32&w=32",
        "medium": "https://images.unsplash.com/profile-1555978981599-eae833ff7c73?ixlib=rb-1.2.1&q=80&fm=jpg&crop=faces&cs=tinysrgb&fit=crop&h=64&w=64",
        "large": "https://images.unsplash.com/profile-1555978981599-eae833ff7c73?ixlib=rb-1.2.1&q=80&fm=jpg&crop=faces&cs=tinysrgb&fit=crop&h=128&w=128"
      },
      "instagram_username": "kiril_dobrev",
      "total_collections": 0,
      "total_likes": 5,
      "total_photos": 19,
      "accepted_tos": true,
      "for_hire": true,
      "social": {
        "instagram_username": "kiril_dobrev",
        "portfolio_url": "https://www.instagram.com/kiril_dobrev/",
        "twitter_username": "kirildobrev",
        "paypal_email": null
      }
    }
  },
  {
    "id": "yt1-v0TrOi8",
    "urls": {
      "raw": "https://images.unsplash.com/photo-1506798274179-6c3cd6a3cbc1?ixid=MnwyNjQ5Mzh8MHwxfHNlYXJjaHw1NHx8c2VhfGVufDB8MHx8fDE2MzMzMDU3ODU&ixlib=rb-1.2.1",
      "full": "https://images.unsplash.com/photo-1506798274179-6c3cd6a3cbc1?crop=entropy&cs=srgb&fm=jpg&ixid=MnwyNjQ5Mzh8MHwxfHNlYXJjaHw1NHx8c2VhfGVufDB8MHx8fDE2MzMzMDU3ODU&ixlib=rb-1.2.1&q=85",
      "regular": "https://images.unsplash.com/photo-1506798274179-6c3cd6a3cbc1?crop=entropy&cs=tinysrgb&fit=max&fm=jpg&ixid=MnwyNjQ5Mzh8MHwxfHNlYXJjaHw1NHx8c2VhfGVufDB8MHx8fDE2MzMzMDU3ODU&ixlib=rb-1.2.1&q=80&w=1080",
      "small": "https://images.unsplash.com/photo-1506798274179-6c3cd6a3cbc1?crop=entropy&cs=tinysrgb&fit=max&fm=jpg&ixid=MnwyNjQ5Mzh8MHwxfHNlYXJjaHw1NHx8c2VhfGVufDB8MHx8fDE2MzMzMDU3ODU&ixlib=rb-1.2.1&q=80&w=400",
      "thumb": "https://images.unsplash.com/photo-1506798274179-6c3cd6a3cbc1?crop=entropy&cs=tinysrgb&fit=max&fm=jpg&ixid=MnwyNjQ5Mzh8MHwxfHNlYXJjaHw1NHx8c2VhfGVufDB8MHx8fDE2MzMzMDU3ODU&ixlib=rb-1.2.1&q=80&w=200"
    },
    "user": {
      "id": "Gvr_HNxk0pU",
      "updated_at": "2021-10-03T11:16:44-04:00",
      "username": "katekerdi",
      "name": "Katerina Kerdi",
      "first_name": "Katerina",
      "last_name": "Kerdi",
      "twitter_username": null,
      "portfolio_url": "https://www.instagram.com/katekerdi",
      "bio": "Designer, sports and photography addicted ",
      "location": "Muscat, Oman",
      "links": {
        "self": "https://api.unsplash.com/users/katekerdi",
        "html": "https://unsplash.com/@katekerdi",
        "photos": "https://api.unsplash.com/users/katekerdi/photos",
        "likes": "https://api.unsplash.com/users/katekerdi/likes",
        "portfolio": "https://api.unsplash.com/users/katekerdi/portfolio",
        "following": "https://api.unsplash.com/users/katekerdi/following",
        "followers": "https://api.unsplash.com/users/katekerdi/followers"
      },
      "profile_image": {
        "small": "https://images.unsplash.com/profile-1535787047233-e6cc64ecd635?ixlib=rb-1.2.1&q=80&fm=jpg&crop=faces&cs=tinysrgb&fit=crop&h=32&w=32",
        "medium": "https://images.unsplash.com/profile-1535787047233-e6cc64ecd635?ixlib=rb-1.2.1&q=80&fm=jpg&crop=faces&cs=tinysrgb&fit=crop&h=64&w=64",
        "large": "https://images.unsplash.com/profile-1535787047233-e6cc64ecd635?ixlib=rb-1.2.1&q=80&fm=jpg&crop=faces&cs=tinysrgb&fit=crop&h=128&w=128"
      },
      "instagram_username": "katekerdi",
      "total_collections": 0,
      "total_likes": 57,
      "total_photos": 61,
      "accepted_tos": true,
      "for_hire": false,
      "social": {
        "instagram_username": "katekerdi",
        "portfolio_url": "https://www.instagram.com/katekerdi",
        "twitter_username": null,
        "paypal_email": null
      }
    }
  }
]
